{
    "1.27E-1 (m)": {
        "ion (g/m^2)": {
            "Ba": 0.0,
            "S": 9.641093932712343,
            "O": 4.810594675410505,
            "Sr": 0.0,
            "K": 23.511640911234494,
            "C": 3.611298515441389,
            "H": 1.2122431584017563,
            "Ca": 0.0
        },
        "total_moles": 173.0
    },
    "2.12E-1 (m)": {
        "ion (g/m^2)": {
            "Ba": 0.0004030556417252525,
            "S": 6.914404500862144,
            "O": 3.539510465512148,
            "Sr": 0.1630248192039652,
            "K": 16.716368971571345,
            "C": 2.5675706208051494,
            "H": 0.8618838640659886,
            "Ca": 0.0
        },
        "total_moles": 123.776685
    },
    "2.96E-1 (m)": {
        "ion (g/m^2)": {
            "Ba": 0.00047719434370683183,
            "S": 5.00530500161004,
            "O": 2.590524944243661,
            "Sr": 0.16953740863092773,
            "K": 12.054812420962426,
            "C": 1.851573285084689,
            "H": 0.6215373881516519,
            "Ca": 0.0
        },
        "total_moles": 89.507811
    },
    "3.81E-1 (m)": {
        "ion (g/m^2)": {
            "Ba": 0.0003565718523875957,
            "S": 3.7589845796943266,
            "O": 1.9466281417575637,
            "Sr": 0.12941145441964247,
            "K": 9.051302223631312,
            "C": 1.390245555655471,
            "H": 0.4666785800552426,
            "Ca": 0.0
        },
        "total_moles": 67.216606
    },
    "4.66E-1 (m)": {
        "ion (g/m^2)": {
            "Ba": 0.0002712535048691116,
            "S": 2.9015069267448914,
            "O": 1.5032083548619575,
            "Sr": 0.10105017788287017,
            "K": 6.985539553973717,
            "C": 1.0729522756860543,
            "H": 0.3601693545771692,
            "Ca": 0.0
        },
        "total_moles": 51.881461
    },
    "5.50E-1 (m)": {
        "ion (g/m^2)": {
            "Ba": 0.0002088828508211163,
            "S": 2.280786712982231,
            "O": 1.1819588371400662,
            "Sr": 0.08004182489266848,
            "K": 5.490579727247824,
            "C": 0.8433321388660816,
            "H": 0.2830903098233003,
            "Ca": 0.0
        },
        "total_moles": 40.781355
    },
    "6.35E-1 (m)": {
        "ion (g/m^2)": {
            "Ba": 0.00016181065908678024,
            "S": 1.817956046126149,
            "O": 0.9422584621307537,
            "Sr": 0.06407547662011519,
            "K": 4.3761551291430685,
            "C": 0.6721607641457383,
            "H": 0.22563138555223444,
            "Ca": 0.0
        },
        "total_moles": 32.505275000000005
    },
    "7.20E-1 (m)": {
        "ion (g/m^2)": {
            "Ba": 0.00012650651528602817,
            "S": 1.4623199536384417,
            "O": 0.7580052552377325,
            "Sr": 0.05168054835589618,
            "K": 3.519950864745511,
            "C": 0.540651049421572,
            "H": 0.1814861144659277,
            "Ca": 0.0
        },
        "total_moles": 26.146214999999998
    },
    "8.04E-1 (m)": {
        "ion (g/m^2)": {
            "Ba": 9.885160264210573e-05,
            "S": 1.1800557479377158,
            "O": 0.6117459291371795,
            "Sr": 0.04180662245050139,
            "K": 2.840423670779196,
            "C": 0.4362782599579481,
            "H": 0.1464501850323509,
            "Ca": 0.0
        },
        "total_moles": 21.099168
    },
    "8.89E-1 (m)": {
        "ion (g/m^2)": {
            "Ba": 7.708071396497532e-05,
            "S": 0.9597866000071852,
            "O": 0.49745794538808036,
            "Sr": 0.03382344831422474,
            "K": 2.3103924594854703,
            "C": 0.35486748417632147,
            "H": 0.11912216007416103,
            "Ca": 0.0
        },
        "total_moles": 17.161131
    }
}