elements,conc (input units)
Mn,0.0015300000000000001
Fe,0.031405
B,6.720000000000001
Cl,123780.0
Na,82086.0
S(6),47500.0
Ca,3870.0
K,1505.0
Mg,8230.0
Sr,41.5
Ba,0.05499999999999999
Li,1.1400000000000001
Zn,0.0010500000000000002
Ni,0.0006000000000000001
Cu,0.00055
Cd,0.00185
Co,0.00065
Pb,0.0018000000000000002
